-- ===== Stores =====
INSERT INTO stores (id, name, store_code, region) VALUES
('a0000001-0000-0000-0000-000000000001', 'Manchester Arndale', 'MAN01', 'North West'),
('a0000001-0000-0000-0000-000000000002', 'Birmingham Primark', 'BHM01', 'West Midlands'),
('a0000001-0000-0000-0000-000000000003', 'London Oxford Street', 'LON01', 'London'),
('a0000001-0000-0000-0000-000000000004', 'Leeds White Rose', 'LDS01', 'Yorkshire'),
('a0000001-0000-0000-0000-000000000005', 'Dubai City Centre', 'DXB01', 'UAE');

-- ===== Users =====
INSERT INTO users (id, name, email, pin, store_id, role) VALUES
-- Manchester
('d0000001-0000-0000-0000-000000000001', 'Sarah K', 'sarah.k@primark.com', '1234',
  'a0000001-0000-0000-0000-000000000001', 'store_colleague'),
('d0000001-0000-0000-0000-000000000002', 'Tom B', 'tom.b@primark.com', '1234',
  'a0000001-0000-0000-0000-000000000001', 'vm_manager'),
('d0000001-0000-0000-0000-000000000005', 'Claire M', 'claire.m@primark.com', '1234',
  'a0000001-0000-0000-0000-000000000001', 'store_manager'),
-- Birmingham
('d0000001-0000-0000-0000-000000000003', 'Amy L', 'amy.l@primark.com', '1234',
  'a0000001-0000-0000-0000-000000000002', 'store_colleague'),
('d0000001-0000-0000-0000-000000000004', 'James R', 'james.r@primark.com', '1234',
  'a0000001-0000-0000-0000-000000000002', 'vm_manager'),
-- London
('d0000001-0000-0000-0000-000000000006', 'Dan W', 'dan.w@primark.com', '1234',
  'a0000001-0000-0000-0000-000000000003', 'admin'),
('d0000001-0000-0000-0000-000000000007', 'Priya S', 'priya.s@primark.com', '1234',
  'a0000001-0000-0000-0000-000000000003', 'vm_manager'),
-- Leeds
('d0000001-0000-0000-0000-000000000008', 'Ben T', 'ben.t@primark.com', '1234',
  'a0000001-0000-0000-0000-000000000004', 'store_colleague'),
('d0000001-0000-0000-0000-000000000009', 'Laura H', 'laura.h@primark.com', '1234',
  'a0000001-0000-0000-0000-000000000004', 'vm_manager'),
-- Dubai
('d0000001-0000-0000-0000-000000000010', 'Fatima A', 'fatima.a@primark.com', '1234',
  'a0000001-0000-0000-0000-000000000005', 'store_colleague'),
('d0000001-0000-0000-0000-000000000011', 'Omar K', 'omar.k@primark.com', '1234',
  'a0000001-0000-0000-0000-000000000005', 'vm_manager'),
('d0000001-0000-0000-0000-000000000012', 'Nadia R', 'nadia.r@primark.com', '1234',
  'a0000001-0000-0000-0000-000000000005', 'store_manager');

-- ===== Seed Compliance Records =====
INSERT INTO compliance_records (id, ean, orin_or_km, identifier_type,
  product_description, department, campaign, status,
  guideline_image_url, user_id, store_id, checked_at) VALUES
('c0000001-0000-0000-0000-000000000001', '5099301000012', '89977', 'ORIN',
  'Cross Body Bag', 'D1', 'UAE Spring 2026 A4 Solid', 'compliant',
  '/images/spring26-01.jpg',
  'd0000001-0000-0000-0000-000000000010', 'a0000001-0000-0000-0000-000000000005',
  now() - interval '3 days'),
('c0000001-0000-0000-0000-000000000002', '5099301000050', '11481', 'ORIN',
  'Baseball Cap', 'D1', 'UAE Spring 2026 A4 Solid', 'compliant',
  '/images/spring26-01.jpg',
  'd0000001-0000-0000-0000-000000000010', 'a0000001-0000-0000-0000-000000000005',
  now() - interval '3 days' + interval '15 minutes'),
('c0000001-0000-0000-0000-000000000003', '5099301000326', '92476', 'ORIN',
  'T-Shirt Bra', 'D4', 'UAE Spring 2026 A4 Solid', 'compliant',
  '/images/spring26-07.jpg',
  'd0000001-0000-0000-0000-000000000010', 'a0000001-0000-0000-0000-000000000005',
  now() - interval '2 days'),
('c0000001-0000-0000-0000-000000000004', '5099301001002', '91370', 'KM_CODE',
  'Satin Finish Foundation', 'D23', 'UAE D23 NAV Trend Ends NSE 2026', 'compliant',
  '/images/trend_ends-3.jpg',
  'd0000001-0000-0000-0000-000000000010', 'a0000001-0000-0000-0000-000000000005',
  now() - interval '2 days' + interval '30 minutes'),
('c0000001-0000-0000-0000-000000000005', '5099301000555', '98842', 'ORIN',
  'Flip Flops', 'D7', 'UAE Spring 2026 A4 Solid', 'non_compliant',
  '/images/spring26-11.jpg',
  'd0000001-0000-0000-0000-000000000010', 'a0000001-0000-0000-0000-000000000005',
  now() - interval '2 days' + interval '1 hour'),
('c0000001-0000-0000-0000-000000000006', '5099301001057', '23148', 'KM_CODE',
  'Mens Fragrance 50ml', 'D23', 'UAE D23 NAV Trend Ends NSE 2026', 'non_compliant',
  '/images/trend_ends-4.jpg',
  'd0000001-0000-0000-0000-000000000010', 'a0000001-0000-0000-0000-000000000005',
  now() - interval '1 day'),
('c0000001-0000-0000-0000-000000000007', '5099301000364', '39080', 'ORIN',
  '3pk Seamfree Bra', 'D4', 'UAE Spring 2026 A4 Solid', 'non_compliant',
  '/images/spring26-08.jpg',
  'd0000001-0000-0000-0000-000000000010', 'a0000001-0000-0000-0000-000000000005',
  now() - interval '1 day' + interval '2 hours'),
('c0000001-0000-0000-0000-000000000008', '5099301000760', '32586', 'ORIN',
  '3pk Woven Briefs', 'D16', 'UAE Spring 2026 A4 Solid', 'compliant',
  '/images/spring26-16.jpg',
  'd0000001-0000-0000-0000-000000000001', 'a0000001-0000-0000-0000-000000000001',
  now() - interval '2 days'),
('c0000001-0000-0000-0000-000000000009', '5099301000296', '84625', 'ORIN',
  '5pk Quarter Crew Socks', 'D2', 'UAE Spring 2026 A4 Solid', 'compliant',
  '/images/spring26-06.jpg',
  'd0000001-0000-0000-0000-000000000001', 'a0000001-0000-0000-0000-000000000001',
  now() - interval '1 day'),
('c0000001-0000-0000-0000-000000000010', '5099301000708', '45065', 'ORIN',
  '3pk Hipster Briefs', 'D16', 'UAE Spring 2026 A4 Solid', 'non_compliant',
  '/images/spring26-14.jpg',
  'd0000001-0000-0000-0000-000000000001', 'a0000001-0000-0000-0000-000000000001',
  now() - interval '1 day' + interval '30 minutes'),
('c0000001-0000-0000-0000-000000000011', '5099301000876', '96775', 'ORIN',
  '7pk Trainer Liners', 'D16', 'UAE Spring 2026 A4 Solid', 'compliant',
  '/images/spring26-18.jpg',
  'd0000001-0000-0000-0000-000000000001', 'a0000001-0000-0000-0000-000000000001',
  now() - interval '12 hours'),
('c0000001-0000-0000-0000-000000000012', '5099301000043', '64503', 'ORIN',
  'Belt', 'D1', 'UAE Spring 2026 A4 Solid', 'non_compliant',
  '/images/spring26-01.jpg',
  'd0000001-0000-0000-0000-000000000001', 'a0000001-0000-0000-0000-000000000001',
  now() - interval '6 hours');

-- ===== Seed VM Tasks =====
INSERT INTO vm_tasks (id, compliance_record_id, store_id, assigned_to, reported_by,
  non_compliance_type, severity, description, guideline_image_url,
  status, created_at) VALUES
('e0000001-0000-0000-0000-000000000001',
  'c0000001-0000-0000-0000-000000000005', 'a0000001-0000-0000-0000-000000000005',
  'd0000001-0000-0000-0000-000000000011', 'd0000001-0000-0000-0000-000000000010',
  'wrong_position', 'high', 'Flip flops displayed on wrong fixture - should be on slat wall not shelf',
  '/images/spring26-11.jpg', 'open',
  now() - interval '2 days' + interval '1 hour'),
('e0000001-0000-0000-0000-000000000002',
  'c0000001-0000-0000-0000-000000000006', 'a0000001-0000-0000-0000-000000000005',
  'd0000001-0000-0000-0000-000000000011', 'd0000001-0000-0000-0000-000000000010',
  'missing_pos', 'critical', 'Fragrance POS signage completely missing from trend end display',
  '/images/trend_ends-4.jpg', 'in_progress',
  now() - interval '1 day'),
('e0000001-0000-0000-0000-000000000003',
  'c0000001-0000-0000-0000-000000000007', 'a0000001-0000-0000-0000-000000000005',
  'd0000001-0000-0000-0000-000000000011', 'd0000001-0000-0000-0000-000000000010',
  'outdated_promotion', 'medium', 'Old campaign pricing still displayed on bra fixture',
  '/images/spring26-08.jpg', 'open',
  now() - interval '1 day' + interval '2 hours'),
('e0000001-0000-0000-0000-000000000004',
  'c0000001-0000-0000-0000-000000000010', 'a0000001-0000-0000-0000-000000000001',
  'd0000001-0000-0000-0000-000000000002', 'd0000001-0000-0000-0000-000000000001',
  'damaged_display', 'low', 'Minor tear on shelf edge label for hipster briefs',
  '/images/spring26-14.jpg', 'completed',
  now() - interval '1 day' + interval '30 minutes'),
('e0000001-0000-0000-0000-000000000005',
  'c0000001-0000-0000-0000-000000000012', 'a0000001-0000-0000-0000-000000000001',
  'd0000001-0000-0000-0000-000000000002', 'd0000001-0000-0000-0000-000000000001',
  'wrong_fixture', 'medium', 'Belt displayed in bags section instead of accessories',
  '/images/spring26-01.jpg', 'open',
  now() - interval '6 hours');

-- ===== Seed Audit Log =====
INSERT INTO audit_log (entity_type, entity_id, action, user_id, created_at) VALUES
('compliance', 'c0000001-0000-0000-0000-000000000001', 'confirmed',
  'd0000001-0000-0000-0000-000000000010', now() - interval '3 days'),
('compliance', 'c0000001-0000-0000-0000-000000000005', 'flagged',
  'd0000001-0000-0000-0000-000000000010', now() - interval '2 days' + interval '1 hour'),
('task', 'e0000001-0000-0000-0000-000000000001', 'created',
  'd0000001-0000-0000-0000-000000000010', now() - interval '2 days' + interval '1 hour'),
('task', 'e0000001-0000-0000-0000-000000000002', 'status_change',
  'd0000001-0000-0000-0000-000000000011', now() - interval '20 hours'),
('task', 'e0000001-0000-0000-0000-000000000004', 'completed',
  'd0000001-0000-0000-0000-000000000002', now() - interval '18 hours');
